ID;Name;Price
123456789;Alex;123456789
123456789;Alex;123456789
123456789;Alex;123456789
123456789;Alex;123456789
123456789;Alex;123456789
123456789;Alex;123456789
123456789;Alex;123456789
123456789;Alex;123456789
123456789;Alex;123456789
123456789;Alex;123456789
123456789;Alex;123456789
123456789;Alex;123456789
123456789;Alex;123456789
123456789;Alex;123456789
123456789;Alex;123456789
123456789;Alex;123456789
123456789;Alex;123456789
123456789;Alex;123456789
123456789;Alex;123456789
123456789;Alex;123456789
123456789;Alex;123456789
123456789;Alex;123456789
123456789;Alex;123456789
123456789;Alex;123456789
123456789;Alex;123456789
123456789;Alex;123456789
123456789;Alex;123456789
123456789;Alex;123456789
123456789;Alex;123456789
123456789;Alex;123456789
123456789;Alex;123456789
123456789;Alex;123456789
123456789;Alex;123456789
123456789;Alex;123456789
123456789;Alex;123456789
123456789;Alex;123456789
123456789;Alex;123456789
123456789;Alex;123456789
123456789;Alex;123456789
123456789;Alex;123456789
123456789;Alex;123456789
123456789;Alex;123456789
123456789;Alex;123456789
123456789;Alex;123456789
123456789;Alex;123456789
123456789;Alex;123456789
123456789;Alex;123456789
123456789;Alex;123456789
123456789;Alex;123456789
123456789;Alex;123456789
123456789;Alex;123456789
123456789;Alex;123456789
123456789;Alex;123456789
123456789;Alex;123456789
123456789;Alex;123456789
123456789;Alex;123456789
123456789;Alex;123456789
123456789;Alex;123456789
123456789;Alex;123456789
123456789;Alex;123456789
123456789;Alex;123456789
123456789;Alex;123456789
123456789;Alex;123456789
123456789;Alex;123456789
123456789;Alex;123456789
123456789;Alex;123456789
123456789;Alex;123456789
123456789;Alex;123456789
123456789;Alex;123456789
123456789;Alex;123456789
https://azatvaleev.getcourse.ru/sales/control/deal/update/id/123456789;Alex;123456789
https://azatvaleev.getcourse.ru/sales/control/deal/update/id/123456789;Alex;123456789
https://azatvaleev.getcourse.ru/sales/control/deal/update/id/123456789;Alex;123456789
https://azatvaleev.getcourse.ru/sales/control/deal/update/id/123456789;Alex;123456789
https://azatvaleev.getcourse.ru/sales/control/deal/update/id/123456789;Alex;123456789
https://azatvaleev.getcourse.ru/sales/control/deal/update/id/123456789;Alex;123456789
https://azatvaleev.getcourse.ru/sales/control/deal/update/id/123456789;Alex;123456789
https://azatvaleev.getcourse.ru/sales/control/deal/update/id/123456789;Alex;123456789
https://azatvaleev.getcourse.ru/sales/control/deal/update/id/123456789;Alex;123456789
https://azatvaleev.getcourse.ru/sales/control/deal/update/id/123456789;Alex;123456789
https://azatvaleev.getcourse.ru/sales/control/deal/update/id/123456789;Alex;123456789
https://azatvaleev.getcourse.ru/sales/control/deal/update/id/123456789;Alex;123456789
https://azatvaleev.getcourse.ru/sales/control/deal/update/id/123456789;Alex;123456789
https://azatvaleev.getcourse.ru/sales/control/deal/update/id/123456789;Alex;123456789
https://azatvaleev.getcourse.ru/sales/control/deal/update/id/123456789;Alex;123456789
https://azatvaleev.getcourse.ru/sales/control/deal/update/id/123456789;Alex;123456789
https://azatvaleev.getcourse.ru/sales/control/deal/update/id/123456789;Alex;123456789
https://azatvaleev.getcourse.ru/sales/control/deal/update/id/123456789;Alex;123456789
https://azatvaleev.getcourse.ru/sales/control/deal/update/id/123456789;Alex;123456789
https://azatvaleev.getcourse.ru/sales/control/deal/update/id/123456789;Alex;123456789
https://azatvaleev.getcourse.ru/sales/control/deal/update/id/123456789;Alex;123456789
https://azatvaleev.getcourse.ru/sales/control/deal/update/id/123456789;Alex;123456789
https://azatvaleev.getcourse.ru/sales/control/deal/update/id/123456789;Alex;123456789
https://azatvaleev.getcourse.ru/sales/control/deal/update/id/123456789;Alex;123456789
